epoch,time,train/box_loss,train/seg_loss,train/cls_loss,train/dfl_loss,metrics/precision(B),metrics/recall(B),metrics/mAP50(B),metrics/mAP50-95(B),metrics/precision(M),metrics/recall(M),metrics/mAP50(M),metrics/mAP50-95(M),val/box_loss,val/seg_loss,val/cls_loss,val/dfl_loss,lr/pg0,lr/pg1,lr/pg2
1,1.30498,2.88653,3.22938,4.59434,2.06615,0.0019,0.57143,0.27765,0.03573,0.0019,0.57143,0.14694,0.01492,2.014,3.06264,4.03936,2.0593,6e-05,6e-05,6e-05
2,1.896,2.68554,2.92712,4.59986,2.00114,0.00333,1,0.40818,0.16349,0.00333,1,0.995,0.20778,1.47851,2.15144,3.44616,1.71787,0.000139954,0.000139954,0.000139954
3,2.58358,1.74855,1.4132,3.1872,1.44689,0.00333,1,0.40951,0.16091,0.00333,1,0.47797,0.2033,1.29533,1.02818,3.17374,1.27064,0.000219855,0.000219855,0.000219855
4,3.15975,1.47535,1.15335,2.51146,1.33402,0.00333,1,0.34724,0.14012,0.00333,1,0.46802,0.31081,1.30116,0.77548,3.44017,1.36803,0.000299703,0.000299703,0.000299703
5,3.77175,1.34541,0.92618,2.12632,1.30172,0.00333,1,0.01662,0.01071,0.00333,1,0.17918,0.12657,1.33572,0.69094,3.45588,1.33621,0.000379498,0.000379498,0.000379498
6,4.34475,1.22541,0.90366,1.86339,1.17989,0.00333,1,0.01339,0.00804,0.00333,1,0.01953,0.01404,1.17278,0.62683,3.34807,1.16363,0.000459241,0.000459241,0.000459241
7,4.90925,1.24454,0.81739,1.86146,1.13867,0.00333,1,0.01355,0.00839,0.00333,1,0.01606,0.0118,0.88641,0.55548,3.22649,1.11634,0.000538931,0.000538931,0.000538931
8,5.47252,1.16925,0.81019,1.73021,1.10028,0.00333,1,0.01371,0.01074,0.00333,1,0.01371,0.01167,0.86986,0.70275,3.35536,1.10517,0.000618568,0.000618568,0.000618568
9,6.04052,1.04786,0.74972,1.64718,1.05345,0.00333,1,0.01257,0.00936,0.00333,1,0.02418,0.01269,0.99513,0.66571,3.22084,1.10543,0.000698152,0.000698152,0.000698152
10,6.61063,0.99881,0.71799,1.58195,1.00607,0.00333,1,0.01248,0.00901,0.00333,1,0.01604,0.01115,1.04374,0.74244,3.24796,1.14541,0.000777683,0.000777683,0.000777683
11,7.1847,0.94422,0.65121,1.56897,1.01151,0.00333,1,0.08929,0.05968,0.00333,1,0.08929,0.04722,0.9627,1.27344,3.12024,1.12938,0.000857162,0.000857162,0.000857162
12,7.75697,1.04831,0.72833,1.47031,1.01467,0.00333,1,0.15369,0.06394,0.00333,1,0.15869,0.02248,1.25126,1.90914,3.145,1.23549,0.000936588,0.000936588,0.000936588
13,8.44646,1.12661,0.53364,1.51842,1.01603,0.00333,1,0.73586,0.47332,0.00333,1,0.73586,0.43226,1.15163,2.51357,3.03539,1.23975,0.00101596,0.00101596,0.00101596
14,9.0394,0.97525,0.63087,1.36323,0.98259,0.00333,1,0.9775,0.68486,0.00333,1,0.9775,0.51453,1.09867,3.01297,2.76558,1.26513,0.00109528,0.00109528,0.00109528
15,9.61616,1.05133,0.68718,1.40874,1.05525,0.93179,1,0.995,0.75596,0.93179,1,0.995,0.66511,0.93706,2.29628,2.5678,1.1364,0.00117455,0.00117455,0.00117455
16,10.1927,1.08436,0.7033,1.41818,0.99733,1,0.66952,0.995,0.70292,1,0.66952,0.995,0.72966,1.14409,1.75126,2.62036,1.22098,0.00125376,0.00125376,0.00125376
17,10.7543,1.08887,0.63154,1.32278,0.99212,1,0.64871,0.995,0.68874,1,0.64871,0.995,0.80959,1.15619,1.39513,2.56574,1.25751,0.00133292,0.00133292,0.00133292
18,11.3289,1.05334,0.61058,1.35109,1.01592,1,0.7368,0.995,0.65777,1,0.7368,0.995,0.71553,1.08707,1.52994,2.44624,1.24148,0.00141203,0.00141203,0.00141203
19,11.8847,1.13673,0.53616,1.35427,1.04644,0.95625,1,0.995,0.67526,0.95625,1,0.995,0.72265,1.10061,1.43927,2.03758,1.1571,0.00149109,0.00149109,0.00149109
20,12.4376,0.97865,0.65524,1.42202,1.04395,0.95569,1,0.995,0.73018,0.95569,1,0.995,0.82292,0.99768,1.15921,1.89112,1.1171,0.00157009,0.00157009,0.00157009
21,13.0046,1.0398,0.82924,1.27002,0.9897,1,0.99799,0.995,0.74554,1,0.99799,0.995,0.78658,1.14814,1.68864,2.03069,1.21389,0.00164904,0.00164904,0.00164904
22,13.6422,1.04044,0.705,1.29402,1.09594,0.90904,1,0.995,0.64429,0.90904,1,0.995,0.79131,1.262,1.73633,1.78824,1.14617,0.00172794,0.00172794,0.00172794
23,14.2019,1.13679,0.68879,1.31154,1.00607,0.8549,1,0.995,0.67255,0.8549,1,0.995,0.80801,1.2225,1.29838,1.70462,1.23024,0.00180679,0.00180679,0.00180679
24,14.7654,1.00967,0.59495,1.25551,1.00108,0.98873,1,0.995,0.62052,0.98873,1,0.995,0.70576,1.1671,1.13299,1.58765,1.17944,0.00188558,0.00188558,0.00188558
25,15.3233,0.99384,0.74034,1.12515,0.96457,0.98919,1,0.995,0.6705,0.98919,1,0.995,0.70005,1.17535,0.84247,1.35902,1.16436,0.00196432,0.00196432,0.00196432
26,15.9007,0.98683,0.6025,1.16291,0.97267,1,0.9934,0.995,0.67001,1,0.9934,0.995,0.75945,1.07478,0.77763,1.7147,1.10618,0.0019835,0.0019835,0.0019835
27,16.4505,0.97832,0.49291,1.18968,0.98933,1,0.98757,0.995,0.58679,1,0.98757,0.995,0.76556,1.08549,0.84428,2.07768,1.11773,0.00198284,0.00198284,0.00198284
28,17.013,0.91852,0.51912,1.16347,0.96407,0.98883,1,0.995,0.76565,0.98883,1,0.995,0.82909,0.90476,0.81057,1.32081,1.05777,0.00198218,0.00198218,0.00198218
29,17.5713,0.96371,0.58273,1.0686,0.99464,0.98537,1,0.995,0.75114,0.98537,1,0.995,0.78778,1.0127,0.75688,1.07626,1.06025,0.00198152,0.00198152,0.00198152
30,18.1201,1.0233,0.47057,1.12445,0.93765,0.99753,1,0.995,0.7566,0.99753,1,0.995,0.80859,1.06915,0.74604,1.02538,1.14184,0.00198086,0.00198086,0.00198086
31,18.7609,1.07666,0.61603,1.15014,1.04575,0.99364,0.85714,0.9775,0.66741,0.99364,0.85714,0.9775,0.81334,1.17979,0.62433,1.11666,1.09004,0.0019802,0.0019802,0.0019802
32,19.3143,0.98656,0.51505,1.11084,0.99175,0.70438,0.85714,0.88576,0.63235,0.70438,0.85714,0.88576,0.74472,0.9597,0.5216,1.20654,1.08031,0.00197954,0.00197954,0.00197954
33,19.8633,0.90877,0.45626,1.1042,0.97891,0.7642,1,0.90246,0.67187,0.7642,1,0.90246,0.76844,0.94766,0.68595,1.17538,1.08268,0.00197888,0.00197888,0.00197888
34,20.4217,0.94235,0.64549,1.09585,1.02454,0.86887,1,0.9775,0.74823,0.86887,1,0.9775,0.86041,0.88216,0.61198,1.11567,1.03872,0.00197822,0.00197822,0.00197822
35,20.9846,0.79459,0.55402,1.01693,0.9186,0.9897,1,0.995,0.74395,0.9897,1,0.995,0.85552,0.93677,0.55745,0.98848,1.12747,0.00197756,0.00197756,0.00197756
36,21.5393,0.92807,0.67273,1.03584,0.98126,0.98423,1,0.995,0.78783,0.98423,1,0.995,0.86539,0.89409,0.50595,1.02517,1.02337,0.0019769,0.0019769,0.0019769
37,22.1087,0.82897,0.55156,1.02332,0.94412,0.98873,1,0.995,0.77112,0.98873,1,0.995,0.87755,0.78953,0.47268,1.07436,0.98505,0.00197624,0.00197624,0.00197624
38,22.663,0.86766,0.58321,0.9679,0.94294,0.98519,1,0.995,0.81385,0.98519,1,0.995,0.87352,0.86234,0.50477,0.96686,1.02152,0.00197558,0.00197558,0.00197558
39,23.2498,0.85936,0.5706,0.99465,0.95147,0.96865,1,0.995,0.76409,0.96865,1,0.995,0.80008,0.89842,0.64871,0.98877,1.09124,0.00197492,0.00197492,0.00197492
40,23.9229,0.81576,0.55392,0.95004,0.91195,0.9559,1,0.995,0.75566,0.9559,1,0.995,0.87255,0.96941,0.54128,1.07147,1.14135,0.00197426,0.00197426,0.00197426
41,24.515,0.77467,0.44591,0.91043,0.92015,0.9078,1,0.995,0.6726,0.9078,1,0.995,0.86331,0.97261,0.46779,1.16564,1.13279,0.0019736,0.0019736,0.0019736
42,25.0927,0.78033,0.60142,0.87385,0.89917,0.86676,1,0.9775,0.73864,0.86676,1,0.9775,0.88062,0.8791,0.51391,1.12734,1.01959,0.00197294,0.00197294,0.00197294
43,25.6805,0.81903,0.49731,0.86732,0.9471,0.86544,1,0.9775,0.73148,0.86544,1,0.9775,0.87989,0.84829,0.47177,1.13315,1.00497,0.00197228,0.00197228,0.00197228
44,26.2514,0.82325,0.51195,0.85583,0.93891,0.99333,1,0.995,0.77001,0.99333,1,0.995,0.89151,0.78651,0.48081,1.07668,1.0029,0.00197162,0.00197162,0.00197162
45,26.8292,0.72571,0.4608,0.82632,0.94794,0.99355,1,0.995,0.73753,0.99355,1,0.995,0.91575,1.01858,0.44199,0.99346,0.9963,0.00197096,0.00197096,0.00197096
46,27.3921,0.79124,0.42757,0.83969,0.93045,0.99138,1,0.995,0.89794,0.99138,1,0.995,0.88687,0.70798,0.43276,0.9546,0.99051,0.0019703,0.0019703,0.0019703
47,27.9678,0.78109,0.54211,0.8305,0.91307,0.99202,1,0.995,0.80728,0.99202,1,0.995,0.77945,0.86396,0.49808,0.81665,1.0604,0.00196964,0.00196964,0.00196964
48,28.5299,0.85625,0.49527,0.83299,0.9153,0.99177,1,0.995,0.73928,0.99177,1,0.995,0.78707,1.05516,0.48878,0.72697,1.04796,0.00196898,0.00196898,0.00196898
49,29.0833,0.84836,0.52286,0.82763,0.92808,0.9869,1,0.995,0.70533,0.9869,1,0.995,0.81764,1.15968,0.53137,0.89045,1.12584,0.00196832,0.00196832,0.00196832
50,29.7345,0.87837,0.50676,0.80656,0.94473,0.98256,1,0.995,0.61914,0.98256,1,0.995,0.80403,1.20814,0.54404,0.95892,1.2362,0.00196766,0.00196766,0.00196766
51,30.2901,0.84121,0.50807,0.82663,0.95018,0.98207,1,0.995,0.68906,0.98207,1,0.995,0.82917,1.08258,0.43372,0.9112,1.09181,0.001967,0.001967,0.001967
52,30.8459,0.77512,0.4526,0.77754,0.94942,0.98427,1,0.995,0.7497,0.98427,1,0.995,0.86302,0.94212,0.35863,0.82623,1.04675,0.00196634,0.00196634,0.00196634
53,31.4125,0.77047,0.64582,0.76492,0.9387,0.98903,1,0.995,0.76341,0.98903,1,0.995,0.88065,0.92854,0.36263,0.70245,1.00391,0.00196568,0.00196568,0.00196568
54,31.9701,0.75878,0.46668,0.7798,0.89773,0.99348,1,0.995,0.81556,0.99348,1,0.995,0.90978,0.82561,0.36157,0.62631,1.01113,0.00196502,0.00196502,0.00196502
55,32.5257,0.68861,0.47862,0.75813,0.92263,0.99422,1,0.995,0.80992,0.99422,1,0.995,0.8956,0.77156,0.39641,0.64191,0.97241,0.00196436,0.00196436,0.00196436
56,33.0811,0.80026,0.51175,0.82967,0.93462,0.99453,1,0.995,0.85334,0.99453,1,0.995,0.89794,0.62018,0.44641,0.63735,0.92454,0.0019637,0.0019637,0.0019637
57,33.6361,0.80081,0.55098,0.77783,0.91177,0.99378,1,0.995,0.78312,0.99378,1,0.995,0.84742,0.84034,0.45739,0.67749,0.98777,0.00196304,0.00196304,0.00196304
58,34.2933,0.81855,0.56415,0.75198,0.92988,0.99152,1,0.995,0.81325,0.99152,1,0.995,0.86384,0.85155,0.44776,0.63143,0.96788,0.00196238,0.00196238,0.00196238
59,34.8461,0.79149,0.57826,0.71841,0.90317,0.99216,1,0.995,0.85165,0.99216,1,0.995,0.93418,0.77945,0.36055,0.62022,0.92312,0.00196172,0.00196172,0.00196172
60,35.4138,0.7287,0.46394,0.69759,0.89944,0.99166,1,0.995,0.81426,0.99166,1,0.995,0.85834,0.80413,0.54383,0.59047,0.93325,0.00196106,0.00196106,0.00196106
61,35.9756,0.85514,0.63509,0.71596,0.88473,0.99107,1,0.995,0.83756,0.99107,1,0.995,0.8559,0.70852,0.42736,0.60332,0.93371,0.0019604,0.0019604,0.0019604
62,36.5385,0.72362,0.54839,0.7473,0.92856,0.99159,1,0.995,0.81714,0.99159,1,0.995,0.88265,0.74649,0.40677,0.61824,0.92928,0.00195974,0.00195974,0.00195974
63,37.0909,0.72374,0.48355,0.69841,0.89686,0.99147,1,0.995,0.87952,0.99147,1,0.995,0.85529,0.7045,0.40566,0.6112,0.92565,0.00195908,0.00195908,0.00195908
64,37.6471,0.72331,0.47391,0.70872,0.91973,0.99211,1,0.995,0.82828,0.99211,1,0.995,0.80213,0.67028,0.41308,0.53832,0.95053,0.00195842,0.00195842,0.00195842
65,38.2093,0.7468,0.45699,0.7211,0.9531,0.99333,1,0.995,0.87049,0.99333,1,0.995,0.79353,0.63549,0.40325,0.51548,0.94479,0.00195776,0.00195776,0.00195776
66,38.7741,0.68748,0.47141,0.68923,0.89738,0.99565,1,0.995,0.82828,0.99565,1,0.995,0.85777,0.72105,0.40982,0.55507,0.95933,0.0019571,0.0019571,0.0019571
67,39.4205,0.75364,0.4645,0.71934,0.91996,0.99639,1,0.995,0.83295,0.99639,1,0.995,0.8955,0.6556,0.41829,0.56477,0.96246,0.00195644,0.00195644,0.00195644
68,39.9654,0.74276,0.4452,0.67788,0.93303,0.99729,1,0.995,0.80555,0.99729,1,0.995,0.84,0.79694,0.53542,0.58739,0.99397,0.00195578,0.00195578,0.00195578
69,40.5032,0.71716,0.48438,0.69063,0.90769,0.99399,1,0.995,0.78623,0.99399,1,0.995,0.90037,0.76972,0.51085,0.57044,0.96328,0.00195512,0.00195512,0.00195512
70,41.0485,0.71452,0.41944,0.65923,0.89463,0.99344,1,0.995,0.81429,0.99344,1,0.995,0.8583,0.8037,0.44989,0.55371,0.9372,0.00195446,0.00195446,0.00195446
71,41.5949,0.64885,0.48084,0.64241,0.88887,0.99114,1,0.995,0.79104,0.99114,1,0.995,0.88263,0.86141,0.47962,0.56789,0.92647,0.0019538,0.0019538,0.0019538
72,42.1347,0.60468,0.55986,0.60909,0.88334,0.99352,1,0.995,0.81632,0.99352,1,0.995,0.85601,0.76279,0.42034,0.56127,0.90724,0.00195314,0.00195314,0.00195314
73,42.6831,0.70721,0.49301,0.60644,0.86987,0.99373,1,0.995,0.87551,0.99373,1,0.995,0.89288,0.70074,0.3793,0.49623,0.90655,0.00195248,0.00195248,0.00195248
74,43.2232,0.62783,0.39889,0.61967,0.88784,0.99372,1,0.995,0.85418,0.99372,1,0.995,0.88037,0.6567,0.38541,0.52284,0.8904,0.00195182,0.00195182,0.00195182
75,43.7678,0.71166,0.51748,0.61141,0.88915,0.9919,1,0.995,0.77754,0.9919,1,0.995,0.90981,0.84611,0.38428,0.55687,0.93765,0.00195116,0.00195116,0.00195116
76,44.4063,0.75705,0.47924,0.64866,0.90629,0.99053,1,0.995,0.72537,0.99053,1,0.995,0.92114,0.86879,0.3675,0.5657,0.94208,0.0019505,0.0019505,0.0019505
77,44.9467,0.77731,0.45025,0.63165,0.86352,0.99237,1,0.995,0.82465,0.99237,1,0.995,0.87909,0.6298,0.39889,0.55114,0.88554,0.00194984,0.00194984,0.00194984
78,45.4938,0.71812,0.45522,0.65172,0.8912,0.99263,1,0.995,0.86525,0.99263,1,0.995,0.92161,0.65555,0.38792,0.53095,0.8827,0.00194918,0.00194918,0.00194918
79,46.0564,0.75564,0.45817,0.66455,0.89516,0.99214,1,0.995,0.84372,0.99214,1,0.995,0.92349,0.57682,0.38311,0.58379,0.86295,0.00194852,0.00194852,0.00194852
80,46.6111,0.71025,0.38642,0.59819,0.86732,0.98878,1,0.995,0.7706,0.98878,1,0.995,0.90227,0.82051,0.38035,0.53993,0.93497,0.00194786,0.00194786,0.00194786
81,47.1613,0.75839,0.38832,0.64896,0.89489,0.9886,1,0.995,0.74848,0.9886,1,0.995,0.89456,0.98861,0.35571,0.55531,0.94895,0.0019472,0.0019472,0.0019472
82,47.7149,0.75061,0.40544,0.67009,0.909,0.99215,1,0.995,0.83913,0.99215,1,0.995,0.93978,0.59041,0.37293,0.52332,0.86832,0.00194654,0.00194654,0.00194654
83,48.2639,0.73924,0.3794,0.6025,0.87884,0.99148,1,0.995,0.83943,0.99148,1,0.995,0.91981,0.65562,0.46208,0.56188,0.86746,0.00194588,0.00194588,0.00194588
84,48.8147,0.76647,0.46346,0.62187,0.8973,0.99214,1,0.995,0.83602,0.99214,1,0.995,0.93491,0.65545,0.40603,0.52108,0.87996,0.00194522,0.00194522,0.00194522
85,49.4507,0.69146,0.49611,0.60126,0.90535,0.98824,1,0.995,0.80808,0.98824,1,0.995,0.88538,0.75184,0.39134,0.54234,0.91397,0.00194456,0.00194456,0.00194456
86,49.9967,0.69502,0.42907,0.61658,0.90377,0.98265,1,0.995,0.83285,0.98265,1,0.995,0.90645,0.74084,0.39174,0.63249,0.92598,0.0019439,0.0019439,0.0019439
87,50.564,0.67934,0.38945,0.60605,0.90282,0.98365,1,0.995,0.90493,0.98365,1,0.995,0.91841,0.60032,0.39518,0.67051,0.88746,0.00194324,0.00194324,0.00194324
88,51.1425,0.65294,0.3942,0.58096,0.89317,0.98719,1,0.995,0.90291,0.98719,1,0.995,0.91491,0.57845,0.37049,0.60923,0.88564,0.00194258,0.00194258,0.00194258
89,51.6981,0.65105,0.43299,0.57393,0.89622,0.99174,1,0.995,0.81764,0.99174,1,0.995,0.78223,0.70901,0.4503,0.54504,0.90785,0.00194192,0.00194192,0.00194192
90,52.2572,0.68699,0.58997,0.58266,0.90801,0.99113,1,0.995,0.88113,0.99113,1,0.995,0.79929,0.754,0.39528,0.47596,0.91911,0.00194126,0.00194126,0.00194126
91,52.8128,0.69927,0.49275,0.61931,0.90734,0.99002,1,0.995,0.8516,0.99002,1,0.995,0.88557,0.69746,0.44726,0.49679,0.91384,0.0019406,0.0019406,0.0019406
92,53.3716,0.65983,0.41874,0.59412,0.89735,0.98955,1,0.995,0.82394,0.98955,1,0.995,0.88,0.6176,0.60892,0.46418,0.88585,0.00193994,0.00193994,0.00193994
93,53.9399,0.7247,0.55864,0.59845,0.89081,0.98835,1,0.995,0.85796,0.98835,1,0.995,0.87585,0.57006,0.54996,0.51333,0.87636,0.00193928,0.00193928,0.00193928
94,54.4995,0.77722,0.59555,0.61517,0.92235,0.98553,1,0.995,0.81265,0.98553,1,0.995,0.89684,0.67095,0.3742,0.57532,0.89072,0.00193862,0.00193862,0.00193862
95,55.1523,0.723,0.52019,0.60263,0.92701,0.98577,1,0.995,0.77114,0.98577,1,0.995,0.91417,0.86013,0.39136,0.64412,0.92726,0.00193796,0.00193796,0.00193796
96,55.7047,0.66854,0.45453,0.59185,0.87485,0.98341,1,0.995,0.74938,0.98341,1,0.995,0.8822,0.84506,0.38831,0.52969,0.96186,0.0019373,0.0019373,0.0019373
97,56.2605,0.7099,0.55038,0.60655,0.8752,0.98149,1,0.995,0.73931,0.98149,1,0.995,0.88329,0.84999,0.4183,0.53232,0.96939,0.00193664,0.00193664,0.00193664
98,56.8132,0.69381,0.45869,0.5951,0.86853,0.97307,1,0.995,0.80801,0.97307,1,0.995,0.88646,0.80218,0.36951,0.51342,0.94007,0.00193598,0.00193598,0.00193598
99,57.3596,0.60169,0.42216,0.54733,0.87069,0.97335,1,0.995,0.80856,0.97335,1,0.995,0.86972,0.72068,0.35928,0.53357,0.9296,0.00193532,0.00193532,0.00193532
100,57.9124,0.66813,0.39592,0.57274,0.87451,0.98049,1,0.995,0.83646,0.98049,1,0.995,0.90063,0.73391,0.40714,0.57213,0.94456,0.00193466,0.00193466,0.00193466
101,58.461,0.70174,0.52404,0.57589,0.89126,0.98712,1,0.995,0.81696,0.98712,1,0.995,0.90761,0.71564,0.35609,0.51867,0.89857,0.001934,0.001934,0.001934
102,59.0181,0.6165,0.44203,0.52899,0.87299,0.98736,1,0.995,0.77615,0.98736,1,0.995,0.84089,0.811,0.32837,0.52713,0.92314,0.00193334,0.00193334,0.00193334
103,59.5719,0.6837,0.36946,0.55336,0.86176,0.98771,1,0.995,0.79249,0.98771,1,0.995,0.84081,0.82498,0.3368,0.63567,0.94227,0.00193268,0.00193268,0.00193268
104,60.2168,0.63355,0.35796,0.54428,0.86895,0.99063,1,0.995,0.78092,0.99063,1,0.995,0.92567,0.83488,0.36303,0.67884,0.94649,0.00193202,0.00193202,0.00193202
105,60.7778,0.60819,0.33864,0.51981,0.87387,0.99171,1,0.995,0.81147,0.99171,1,0.995,0.9061,0.76302,0.38547,0.55931,0.93526,0.00193136,0.00193136,0.00193136
106,61.3336,0.69734,0.45097,0.55376,0.88372,0.99235,1,0.995,0.77334,0.99235,1,0.995,0.87964,0.7592,0.40632,0.49986,0.92968,0.0019307,0.0019307,0.0019307
107,61.8816,0.74646,0.41231,0.62254,0.91838,0.9914,1,0.995,0.78185,0.9914,1,0.995,0.87642,0.82031,0.40764,0.48927,0.90225,0.00193004,0.00193004,0.00193004
108,62.4322,0.66919,0.44612,0.55627,0.88823,0.98126,1,0.995,0.7546,0.98126,1,0.995,0.91752,0.92731,0.37321,0.57597,0.91836,0.00192938,0.00192938,0.00192938
109,63.0066,0.72094,0.5075,0.56929,0.89244,0.96028,1,0.995,0.79164,0.96028,1,0.995,0.88413,0.88372,0.35808,0.57431,0.91108,0.00192872,0.00192872,0.00192872
110,63.5618,0.63221,0.39864,0.53238,0.86512,0.94432,1,0.995,0.80913,0.94432,1,0.995,0.91497,0.8573,0.33729,0.61391,0.93057,0.00192806,0.00192806,0.00192806
111,64.1161,0.63673,0.45985,0.51458,0.86923,0.93472,1,0.995,0.8301,0.93472,1,0.995,0.8378,0.85949,0.35585,0.67301,0.93993,0.0019274,0.0019274,0.0019274
112,64.6703,0.61313,0.39758,0.49953,0.86881,0.95986,1,0.995,0.80751,0.95986,1,0.995,0.83093,0.86947,0.36655,0.61485,0.93041,0.00192674,0.00192674,0.00192674
113,65.3082,0.65013,0.41128,0.51032,0.87881,0.95627,1,0.995,0.81946,0.95627,1,0.995,0.85115,0.81303,0.38174,0.60009,0.92897,0.00192608,0.00192608,0.00192608
114,65.8538,0.6807,0.4113,0.54993,0.88024,0.98417,1,0.995,0.80521,0.98417,1,0.995,0.90817,0.66852,0.40016,0.52869,0.88689,0.00192542,0.00192542,0.00192542
115,66.403,0.67693,0.42252,0.51772,0.87829,0.99232,1,0.995,0.87638,0.99232,1,0.995,0.92211,0.53319,0.4265,0.4578,0.8593,0.00192476,0.00192476,0.00192476
116,66.9465,0.63347,0.36983,0.52993,0.8597,0.99273,1,0.995,0.89835,0.99273,1,0.995,0.85724,0.5248,0.3785,0.47821,0.86198,0.0019241,0.0019241,0.0019241
117,67.4861,0.59591,0.39031,0.53629,0.87187,0.99223,1,0.995,0.90615,0.99223,1,0.995,0.9254,0.52491,0.37149,0.51469,0.87108,0.00192344,0.00192344,0.00192344
118,68.0388,0.63465,0.37883,0.53167,0.87672,0.99072,1,0.995,0.88788,0.99072,1,0.995,0.8806,0.55684,0.35292,0.50436,0.8798,0.00192278,0.00192278,0.00192278
119,68.5824,0.60472,0.4114,0.50165,0.85426,0.99173,1,0.995,0.87473,0.99173,1,0.995,0.90241,0.52093,0.35471,0.52446,0.87457,0.00192212,0.00192212,0.00192212
120,69.1197,0.59532,0.46069,0.51358,0.86189,0.99195,1,0.995,0.87908,0.99195,1,0.995,0.92882,0.58214,0.35301,0.50889,0.86687,0.00192146,0.00192146,0.00192146
121,69.6694,0.6238,0.38907,0.50269,0.86302,0.99429,1,0.995,0.8586,0.99429,1,0.995,0.91623,0.56093,0.36797,0.51206,0.85137,0.0019208,0.0019208,0.0019208
122,70.3003,0.64276,0.61387,0.54461,0.90505,0.99493,1,0.995,0.86009,0.99493,1,0.995,0.8835,0.61002,0.49393,0.47037,0.87075,0.00192014,0.00192014,0.00192014
123,70.8483,0.66542,0.45079,0.54407,0.85492,0.98918,1,0.995,0.81979,0.98918,1,0.995,0.88342,0.70714,0.57954,0.47933,0.899,0.00191948,0.00191948,0.00191948
124,71.3908,0.63709,0.41781,0.50833,0.85727,0.98131,1,0.995,0.7914,0.98131,1,0.995,0.90101,0.68264,0.37968,0.54705,0.88775,0.00191882,0.00191882,0.00191882
125,71.9269,0.68244,0.37645,0.53124,0.87086,0.98711,1,0.995,0.83665,0.98711,1,0.995,0.88812,0.69893,0.41946,0.54558,0.89386,0.00191816,0.00191816,0.00191816
126,72.4676,0.64879,0.45619,0.53687,0.8713,0.98889,1,0.995,0.82527,0.98889,1,0.995,0.8861,0.71987,0.44539,0.46465,0.92234,0.0019175,0.0019175,0.0019175
127,73.0141,0.68897,0.4158,0.5183,0.87041,0.98849,1,0.995,0.85606,0.98849,1,0.995,0.88576,0.68874,0.43071,0.47924,0.93474,0.00191684,0.00191684,0.00191684
128,73.5509,0.66767,0.42341,0.53045,0.88293,0.98592,1,0.995,0.86843,0.98592,1,0.995,0.84918,0.67229,0.4547,0.45871,0.90687,0.00191618,0.00191618,0.00191618
129,74.0952,0.66391,0.44205,0.50095,0.86137,0.98271,1,0.995,0.84603,0.98271,1,0.995,0.918,0.63527,0.4895,0.4767,0.89983,0.00191552,0.00191552,0.00191552
130,74.6322,0.62801,0.49544,0.49639,0.86689,0.97892,1,0.995,0.88452,0.97892,1,0.995,0.90857,0.55917,0.3904,0.47371,0.88063,0.00191486,0.00191486,0.00191486
131,75.1749,0.60335,0.45367,0.48359,0.86687,0.97529,1,0.995,0.83819,0.97529,1,0.995,0.87832,0.61969,0.48144,0.48294,0.88332,0.0019142,0.0019142,0.0019142
132,75.8008,0.65724,0.45735,0.48946,0.83233,0.96286,1,0.995,0.89927,0.96286,1,0.995,0.88199,0.61007,0.44738,0.49957,0.8778,0.00191354,0.00191354,0.00191354
133,76.3384,0.6454,0.41165,0.47894,0.86995,0.95255,1,0.995,0.85605,0.95255,1,0.995,0.89385,0.67266,0.42919,0.50768,0.89465,0.00191288,0.00191288,0.00191288
134,76.8783,0.67541,0.41416,0.51279,0.88873,0.93443,1,0.995,0.83935,0.93443,1,0.995,0.85951,0.74749,0.53435,0.54928,0.90611,0.00191222,0.00191222,0.00191222
135,77.4371,0.70743,0.488,0.49646,0.86199,0.91578,1,0.995,0.85173,0.91578,1,0.995,0.90313,0.62953,0.45826,0.50587,0.87883,0.00191156,0.00191156,0.00191156
136,77.9793,0.60727,0.40536,0.50191,0.8583,0.97273,1,0.995,0.89035,0.97273,1,0.995,0.89826,0.56138,0.33618,0.45775,0.86446,0.0019109,0.0019109,0.0019109
137,78.5203,0.75196,0.4583,0.52661,0.87213,0.98945,1,0.995,0.85876,0.98945,1,0.995,0.88565,0.61192,0.33124,0.42094,0.87335,0.00191024,0.00191024,0.00191024
138,79.056,0.7374,0.4577,0.52843,0.89597,0.99141,1,0.995,0.85041,0.99141,1,0.995,0.8913,0.59466,0.32928,0.42844,0.86843,0.00190958,0.00190958,0.00190958
139,79.5969,0.58537,0.49379,0.49903,0.87915,0.99143,1,0.995,0.86743,0.99143,1,0.995,0.90877,0.61075,0.44932,0.42378,0.87088,0.00190892,0.00190892,0.00190892
140,80.2221,0.63653,0.48783,0.47993,0.87257,0.98894,1,0.995,0.82566,0.98894,1,0.995,0.90945,0.63962,0.47156,0.46794,0.8807,0.00190826,0.00190826,0.00190826
141,80.7933,0.69672,0.49258,0.49392,0.85862,0.98167,1,0.995,0.79084,0.98167,1,0.995,0.90854,0.66312,0.37338,0.48785,0.87431,0.0019076,0.0019076,0.0019076
142,81.3362,0.56816,0.38263,0.46738,0.86461,0.97103,1,0.995,0.8099,0.97103,1,0.995,0.8935,0.593,0.33539,0.47058,0.86166,0.00190694,0.00190694,0.00190694
143,81.8756,0.66451,0.45271,0.49311,0.87243,0.94985,1,0.995,0.84965,0.94985,1,0.995,0.9006,0.64607,0.36174,0.52549,0.86884,0.00190628,0.00190628,0.00190628
144,82.4186,0.65962,0.44763,0.51406,0.90804,1,0.99805,0.995,0.81463,1,0.99805,0.995,0.93595,0.78658,0.36149,0.5329,0.87072,0.00190562,0.00190562,0.00190562
145,82.9572,0.65633,0.46528,0.4927,0.84804,0.86871,1,0.9775,0.80729,0.86871,1,0.9775,0.93608,0.7613,0.38928,0.56856,0.86385,0.00190496,0.00190496,0.00190496
146,83.5048,0.69616,0.47621,0.50247,0.8898,0.87024,1,0.9775,0.88864,0.87024,1,0.9775,0.89024,0.5361,0.38295,0.54431,0.84601,0.0019043,0.0019043,0.0019043
147,84.0505,0.60139,0.47514,0.48277,0.87249,0.8711,1,0.9775,0.8398,0.8711,1,0.9775,0.88213,0.61617,0.39346,0.54486,0.86391,0.00190364,0.00190364,0.00190364
148,84.5893,0.67116,0.46896,0.51565,0.87334,0.87406,0.99246,0.9775,0.87314,0.87406,0.99246,0.9775,0.9123,0.54102,0.41955,0.54527,0.86107,0.00190298,0.00190298,0.00190298
149,85.2262,0.60532,0.43065,0.5113,0.88714,0.87409,0.99271,0.9775,0.88062,0.87409,0.99271,0.9775,0.8761,0.49707,0.37216,0.52494,0.8488,0.00190232,0.00190232,0.00190232
150,85.7757,0.61693,0.44665,0.51055,0.8673,0.98957,1,0.995,0.83666,0.98957,1,0.995,0.94184,0.49466,0.36838,0.43737,0.83449,0.00190166,0.00190166,0.00190166
151,86.324,0.66325,0.37266,0.48246,0.83658,0.99265,1,0.995,0.8547,0.99265,1,0.995,0.95651,0.52082,0.35924,0.41386,0.84437,0.001901,0.001901,0.001901
152,86.8588,0.6659,0.35122,0.50971,0.87254,0.99268,1,0.995,0.85689,0.99268,1,0.995,0.91996,0.55634,0.43391,0.43354,0.85495,0.00190034,0.00190034,0.00190034
153,87.4014,0.64207,0.43523,0.50064,0.88235,0.99104,1,0.995,0.74739,0.99104,1,0.995,0.8813,0.85711,0.37919,0.50788,0.90468,0.00189968,0.00189968,0.00189968
154,87.9418,0.62645,0.38253,0.4908,0.86263,0.98039,1,0.995,0.69645,0.98039,1,0.995,0.90473,0.94664,0.34533,0.52316,0.96182,0.00189902,0.00189902,0.00189902
155,88.4903,0.7255,0.48801,0.50086,0.90034,0.987,1,0.995,0.72224,0.987,1,0.995,0.8852,0.81179,0.36219,0.51575,0.93457,0.00189836,0.00189836,0.00189836
156,89.0342,0.67645,0.40232,0.48048,0.86832,0.99232,1,0.995,0.85808,0.99232,1,0.995,0.88516,0.5379,0.36414,0.48071,0.87163,0.0018977,0.0018977,0.0018977
157,89.57,0.62297,0.41938,0.49177,0.88185,0.99215,1,0.995,0.87556,0.99215,1,0.995,0.8681,0.58096,0.5364,0.50374,0.86422,0.00189704,0.00189704,0.00189704
158,90.1986,0.66015,0.43827,0.48457,0.88068,0.99005,1,0.995,0.81759,0.99005,1,0.995,0.81782,0.63857,0.74567,0.52003,0.86998,0.00189638,0.00189638,0.00189638
159,90.7435,0.57448,0.47625,0.49748,0.86076,0.99245,1,0.995,0.85844,0.99245,1,0.995,0.88639,0.62729,0.75678,0.53227,0.87346,0.00189572,0.00189572,0.00189572
160,91.2975,0.60652,0.44188,0.49729,0.8572,0.99292,1,0.995,0.86174,0.99292,1,0.995,0.7819,0.58017,0.57578,0.49658,0.86974,0.00189506,0.00189506,0.00189506
161,91.8485,0.57764,0.43724,0.46873,0.88986,0.99261,1,0.995,0.87194,0.99261,1,0.995,0.82147,0.56089,0.41788,0.39811,0.87117,0.0018944,0.0018944,0.0018944
162,92.4031,0.58035,0.36267,0.45188,0.85137,0.99223,1,0.995,0.89247,0.99223,1,0.995,0.8755,0.52903,0.40425,0.43351,0.86763,0.00189374,0.00189374,0.00189374
163,92.9597,0.59118,0.39882,0.4875,0.86933,0.99279,1,0.995,0.91183,0.99279,1,0.995,0.887,0.51441,0.39662,0.40107,0.84272,0.00189308,0.00189308,0.00189308
164,93.5173,0.57914,0.38766,0.46149,0.87927,0.99287,1,0.995,0.84822,0.99287,1,0.995,0.88591,0.57044,0.38526,0.40793,0.86445,0.00189242,0.00189242,0.00189242
165,94.0878,0.60076,0.32647,0.46711,0.84645,0.99241,1,0.995,0.84114,0.99241,1,0.995,0.89555,0.65396,0.4124,0.41669,0.87483,0.00189176,0.00189176,0.00189176
166,94.6483,0.56825,0.33741,0.46084,0.84354,0.99219,1,0.995,0.82226,0.99219,1,0.995,0.89977,0.69829,0.3999,0.46852,0.90204,0.0018911,0.0018911,0.0018911
167,95.2819,0.60565,0.40514,0.46501,0.88876,0.99179,1,0.995,0.84495,0.99179,1,0.995,0.9177,0.70692,0.3579,0.49747,0.91966,0.00189044,0.00189044,0.00189044
1,2.43093,3.23266,3.67569,4.5685,2.61919,0.06332,0.14286,0.17329,0.04894,0.06332,0.14286,0.16234,0.01708,3.0227,4.64801,4.97303,3.71748,6e-05,6e-05,6e-05
2,5.21323,2.70225,2.64523,5.47637,2.29966,0.15709,0.42857,0.20651,0.04569,0.20227,0.57143,0.25376,0.07898,1.32409,1.09023,52.3674,1.64885,0.000139954,0.000139954,0.000139954
3,8.23066,1.59678,2.33266,8.09971,1.47317,0.00143,0.42857,0.00119,0.00022,0.00143,0.42857,0.0013,0.00055,2.31332,6.42741,21.1323,2.18945,0.000219855,0.000219855,0.000219855
4,11.0756,1.87352,2.06883,4.416,1.68084,0.0359,1,0.05876,0.0215,0.0359,1,0.08429,0.04738,2.23206,1.41006,312.638,6.07897,0.000299703,0.000299703,0.000299703
5,13.8601,1.61349,1.44748,2.70566,1.52802,0.00611,0.57143,0.00782,0.00273,0.00915,0.85714,0.01104,0.00477,2.50183,2.34992,792.473,2.60488,0.000379498,0.000379498,0.000379498
6,16.6547,1.45923,1.49413,2.25254,1.63734,0.01087,1,0.02555,0.00795,0.01087,1,0.02557,0.01274,1.94249,1.66083,inf,2.76569,0.000459241,0.000459241,0.000459241
7,19.416,1.44135,1.04693,2.48047,1.50545,0.048,1,0.05306,0.01761,0.09231,0.85714,0.5564,0.1963,2.04931,0.9208,67.5256,2.81337,0.000538931,0.000538931,0.000538931
8,22.3677,1.33324,0.98739,2.32406,1.48265,0.00622,0.85714,0.00706,0.00327,0.00637,0.71429,0.00706,0.00216,2.0243,13.0081,431.668,2.04661,0.000618568,0.000618568,0.000618568
9,25.1307,1.35808,1.24999,2.27464,1.48898,0.00839,0.85714,0.0146,0.00382,0.00839,0.85714,0.0106,0.00428,2.05859,12.737,524.362,2.48221,0.000698152,0.000698152,0.000698152
10,27.9107,1.28689,0.83233,1.56583,1.46955,0,0,0,0,0,0,0,0,nan,nan,nan,nan,0.000777683,0.000777683,0.000777683
11,30.6796,1.34135,0.73944,1.48814,1.43497,0,0,0,0,0,0,0,0,nan,nan,nan,nan,0.000857162,0.000857162,0.000857162
12,33.454,1.39174,0.83347,1.16925,1.31289,0,0,0,0,0,0,0,0,nan,nan,nan,nan,0.000936588,0.000936588,0.000936588
13,36.2394,1.36343,0.88014,1.11997,1.39958,0,0,0,0,0,0,0,0,nan,nan,nan,nan,0.00101596,0.00101596,0.00101596
14,38.982,1.25605,1.05145,0.97418,1.31103,0,0,0,0,0,0,0,0,nan,nan,nan,nan,0.00109528,0.00109528,0.00109528
15,41.7483,1.71677,0.70073,1.19564,1.5044,0,0,0,0,0,0,0,0,nan,nan,nan,nan,0.00117455,0.00117455,0.00117455
16,44.5431,1.36474,0.70457,1.03455,1.39407,0,0,0,0,0,0,0,0,nan,nan,nan,nan,0.00125376,0.00125376,0.00125376
17,47.2981,1.2599,0.71757,0.95947,1.35451,0,0,0,0,0,0,0,0,nan,nan,nan,nan,0.00133292,0.00133292,0.00133292
18,50.0635,1.3344,0.6116,0.99554,1.34255,0,0,0,0,0,0,0,0,nan,nan,nan,nan,0.00141203,0.00141203,0.00141203
19,52.8523,1.4121,0.83126,1.18141,1.33964,0,0,0,0,0,0,0,0,nan,nan,nan,nan,0.00149109,0.00149109,0.00149109
20,55.606,1.4342,0.75497,1.16276,1.34546,0.00054,0.14286,0.00047,5e-05,0,0,0,0,nan,nan,nan,nan,0.00157009,0.00157009,0.00157009
21,58.3939,1.22286,0.78633,0.90188,1.23579,0,0,0,0,0,0,0,0,nan,nan,nan,nan,0.00164904,0.00164904,0.00164904
22,61.1842,1.28328,0.84092,1.06633,1.32218,0,0,0,0,0,0,0,0,0,0,0.49805,0,0.00172794,0.00172794,0.00172794
23,63.9699,1.18178,0.70751,0.93664,1.27424,0,0,0,0,0,0,0,0,4.3621,26.3228,6.02512,7.39332,0.00180679,0.00180679,0.00180679
24,66.7664,1.39343,0.68033,0.85147,1.47062,0,0,0,0,0,0,0,0,6.17604,53.8184,8.10156,10.8485,0.00188558,0.00188558,0.00188558
25,69.5477,1.52408,0.67418,0.96263,1.53333,0,0,0,0,0,0,0,0,0,0,313.25,0,0.00196432,0.00196432,0.00196432
26,72.349,1.28895,0.55867,0.9089,1.35732,0,0,0,0,0,0,0,0,0,0,62.8438,0,0.0019835,0.0019835,0.0019835
27,75.156,1.41529,0.88963,0.96115,1.38268,0,0,0,0,0,0,0,0,4.10522,1800.94,8.76136,15.0698,0.00198284,0.00198284,0.00198284
28,77.9589,1.30283,0.77026,0.86807,1.34065,0.00146,0.42857,0.00139,0.0005,0.00146,0.42857,0.00136,0.00018,3.47804,321.492,80.9639,18.1707,0.00198218,0.00198218,0.00198218
29,80.7615,1.18107,0.67016,0.80334,1.23143,0.00174,0.42857,0.00156,0.00098,0.00058,0.14286,0.00033,3e-05,3.16119,242.935,inf,29.348,0.00198152,0.00198152,0.00198152
30,83.5782,1.05312,0.61353,0.92471,1.1597,0.00048,0.14286,0.00033,0.00013,0.00048,0.14286,0.00033,3e-05,3.16183,159.889,inf,22.8171,0.00198086,0.00198086,0.00198086
31,86.3768,1.2121,0.62471,0.96469,1.32109,0.00251,0.71429,0.00791,0.0014,0.001,0.28571,0.00073,0.0001,2.69277,83.0884,inf,10.7736,0.0019802,0.0019802,0.0019802
32,89.1845,1.08286,0.68121,0.8018,1.13063,0.01016,0.85714,0.00996,0.00272,0.00314,0.28571,0.00142,0.00014,2.86659,24.7951,294.596,6.32839,0.00197954,0.00197954,0.00197954
33,92.0033,1.37218,0.91672,0.86723,1.19868,0.0019,0.57143,0.00254,0.00135,0.00143,0.42857,0.00156,0.00066,2.87111,27.0967,70.6341,4.33133,0.00197888,0.00197888,0.00197888
34,94.7899,1.30714,0.68987,0.88819,1.22616,0.00408,0.42857,0.00287,0.00147,0.00408,0.42857,0.00287,0.00109,3.30767,23.9152,101.479,6.55119,0.00197822,0.00197822,0.00197822
35,97.6029,1.25153,0.75535,0.80239,1.25685,0.00349,0.42857,0.00218,0.00115,0.00349,0.42857,0.00218,0.00078,3.18844,6.2629,69.9644,7.73537,0.00197756,0.00197756,0.00197756
36,100.416,1.18272,0.74203,0.80044,1.23418,0.0036,0.42857,0.00271,0.00127,0.00337,0.42857,0.0026,0.00092,3.2311,7.70301,94.2814,5.29189,0.0019769,0.0019769,0.0019769
37,103.223,1.09115,0.81388,0.73662,1.19204,0.0247,0.14286,0.04214,0.01753,0.0247,0.14286,0.03781,0.01285,2.77647,9.4239,80.7737,4.5259,0.00197624,0.00197624,0.00197624
38,106.046,1.10804,0.71583,0.71459,1.16021,0.02198,0.85714,0.02968,0.00903,0.01479,0.57143,0.01519,0.0029,2.55105,38.2531,374.195,4.44777,0.00197558,0.00197558,0.00197558
39,108.834,1.16599,0.69653,0.78841,1.20343,0.02716,1,0.0378,0.00916,0.01552,0.57143,0.01639,0.00366,2.65313,44.3897,365.856,7.12035,0.00197492,0.00197492,0.00197492
40,111.622,1.03074,0.62323,0.70433,1.1091,0.00587,1,0.00851,0.00188,0.00532,0.85714,0.00686,0.00141,2.92933,53.6669,637.412,10.7589,0.00197426,0.00197426,0.00197426
41,114.413,0.95714,0.50537,0.66128,1.12573,0.0044,0.71429,0.00395,0.00075,0.00408,0.57143,0.00388,0.00073,3.26561,57.8386,422.504,11.8129,0.0019736,0.0019736,0.0019736
42,117.217,0.94374,0.63798,0.64578,1.09116,0.00285,0.42857,0.00246,0.00057,0.00355,0.28571,0.00265,0.00067,3.29168,71.53,120.862,12.2872,0.00197294,0.00197294,0.00197294
43,120.015,0.9645,0.67093,0.64179,1.12059,0.00134,0.14286,0.00114,0.00023,0,0,0,0,3.3072,45.4061,6.77899,9.53442,0.00197228,0.00197228,0.00197228
44,122.809,1.00832,0.51572,0.7038,1.10586,0,0,0,0,0,0,0,0,3.75963,25.7643,6.97849,7.96202,0.00197162,0.00197162,0.00197162
45,125.593,1.0216,0.54491,0.65749,1.12923,0,0,0,0,0,0,0,0,2.93585,8.9342,6.91372,3.10018,0.00197096,0.00197096,0.00197096
46,128.369,1.04498,0.4884,0.7183,1.13633,0,0,0,0,0,0,0,0,1.57475,6.07544,7.89593,2.30233,0.0019703,0.0019703,0.0019703
47,131.161,0.98302,0.50945,0.71231,1.09474,0.93861,0.14286,0.17343,0.08671,0.93861,0.14286,0.17343,0.1214,3.73415,5.97723,5.78013,3.40001,0.00196964,0.00196964,0.00196964
48,133.933,1.05434,0.51596,0.7191,1.11336,0.99335,0.28571,0.31482,0.22037,0.99335,0.28571,0.31482,0.23665,2.91723,2.62414,4.19138,2.6825,0.00196898,0.00196898,0.00196898
49,136.889,1.03072,0.57718,0.65196,1.16988,0.97468,0.28571,0.29584,0.25182,0.97468,0.28571,0.29584,0.26626,2.15903,1.9275,2.97212,2.20547,0.00196832,0.00196832,0.00196832
50,139.836,1.04355,0.42772,0.6749,1.05937,0.9725,0.42857,0.51508,0.33791,0.9725,0.42857,0.51508,0.37302,1.9566,0.75633,1.6251,2.0629,0.00196766,0.00196766,0.00196766
51,142.778,0.99322,0.53115,0.69928,1.18161,0.83133,0.7057,0.78745,0.39086,0.83133,0.7057,0.78745,0.46609,2.14309,0.7575,1.40608,1.91286,0.001967,0.001967,0.001967
52,145.724,0.97065,0.47609,0.6488,1.09192,0.66508,0.8517,0.77162,0.37526,0.66508,0.8517,0.77162,0.48066,2.22265,0.99789,1.4024,1.94094,0.00196634,0.00196634,0.00196634
53,148.51,0.90049,0.61951,0.61994,1.10228,0.97972,0.57143,0.7689,0.49598,0.97972,0.57143,0.7689,0.57764,1.75208,0.81455,1.36381,1.67777,0.00196568,0.00196568,0.00196568
54,151.51,0.86798,0.41324,0.61128,1.07915,0.98541,0.57143,0.82433,0.57483,0.98541,0.57143,0.82433,0.59988,1.16304,0.5667,0.99138,1.4152,0.00196502,0.00196502,0.00196502
55,154.459,0.95057,0.49408,0.62499,1.10686,0.9857,0.57143,0.85105,0.5643,0.9857,0.57143,0.85105,0.66771,1.29725,0.48138,0.99063,1.43289,0.00196436,0.00196436,0.00196436
56,157.431,1.0512,0.49991,0.61788,1.12709,1,0.84277,0.9775,0.64524,1,0.84277,0.9775,0.75799,1.32836,0.46582,0.79495,1.37762,0.0019637,0.0019637,0.0019637
57,160.398,0.94594,0.5317,0.7052,1.1325,0.84929,1,0.9775,0.64275,0.84929,1,0.9775,0.72161,1.27245,0.42803,0.84029,1.36836,0.00196304,0.00196304,0.00196304
58,163.209,0.92738,0.57971,0.58238,1.08023,0.8752,1,0.995,0.68441,0.8752,1,0.995,0.75443,1.134,0.42776,0.97884,1.29349,0.00196238,0.00196238,0.00196238
59,166.188,0.8651,0.54436,0.59759,1.08364,0.77646,1,0.9425,0.6565,0.77646,1,0.9425,0.75294,1.18704,0.35395,1.03758,1.33296,0.00196172,0.00196172,0.00196172
60,168.981,0.81773,0.4718,0.59953,1.10988,0.7265,1,0.92389,0.66523,0.7265,1,0.92389,0.72699,1.16148,0.35185,0.96184,1.30848,0.00196106,0.00196106,0.00196106
61,171.778,0.77167,0.50738,0.58761,1.0313,0.85243,1,0.995,0.68661,0.85243,1,0.995,0.75157,1.18521,0.37495,0.91389,1.37762,0.0019604,0.0019604,0.0019604
62,174.576,0.86156,0.51899,0.62591,1.11125,0.85568,1,0.9425,0.66196,0.85568,1,0.9425,0.70154,1.14706,0.42076,0.88345,1.38546,0.00195974,0.00195974,0.00195974
63,177.358,0.83446,0.53726,0.55287,1.04383,0.85943,1,0.9425,0.70412,0.85943,1,0.9425,0.7336,1.25225,0.43436,0.98942,1.27081,0.00195908,0.00195908,0.00195908
64,180.147,0.82944,0.54853,0.56108,1.03816,1,0.95638,0.995,0.71098,1,0.95638,0.995,0.71871,1.17564,0.57697,1.00423,1.31821,0.00195842,0.00195842,0.00195842
65,182.939,0.99792,0.49815,0.63256,1.03871,0.98386,0.85714,0.93667,0.67583,0.98386,0.85714,0.85547,0.67168,1.22074,0.53778,0.88662,1.23539,0.00195776,0.00195776,0.00195776
66,185.728,0.78987,0.53699,0.57458,1.00389,0.98271,0.85714,0.85549,0.59686,0.98271,0.85714,0.85549,0.61848,1.27498,0.38935,0.91829,1.26238,0.0019571,0.0019571,0.0019571
67,188.524,0.91289,0.47744,0.60632,1.06746,0.97013,1,0.995,0.6424,0.97013,1,0.995,0.67848,1.36747,0.33347,0.94008,1.35563,0.00195644,0.00195644,0.00195644
68,191.325,0.8882,0.51831,0.58727,1.06245,1,0.99885,0.995,0.68091,1,0.99885,0.995,0.73417,1.23844,0.34157,0.83417,1.29605,0.00195578,0.00195578,0.00195578
69,194.128,0.84311,0.48339,0.58669,1.07397,1,0.96718,0.995,0.74693,1,0.96718,0.995,0.73013,1.0555,0.38579,0.69648,1.26723,0.00195512,0.00195512,0.00195512
70,197.097,0.83422,0.4309,0.54832,1.0161,1,0.98974,0.995,0.71202,1,0.98974,0.995,0.70981,1.09578,0.36394,0.70416,1.27263,0.00195446,0.00195446,0.00195446
71,199.903,0.84395,0.45297,0.57689,1.03698,0.98961,1,0.995,0.69191,0.98961,1,0.995,0.70607,1.18622,0.38235,0.74877,1.24878,0.0019538,0.0019538,0.0019538
72,202.696,0.88369,0.54112,0.55694,1.09752,0.86482,1,0.9775,0.71129,0.86482,1,0.9775,0.77034,1.12113,0.38339,0.67712,1.23288,0.00195314,0.00195314,0.00195314
73,205.645,0.72083,0.51128,0.4991,0.97617,0.85892,1,0.96,0.73525,0.85892,1,0.96,0.78007,1.04551,0.40732,0.60318,1.17451,0.00195248,0.00195248,0.00195248
74,208.611,0.85774,0.39911,0.50617,1.02868,0.90767,1,0.995,0.73249,0.90767,1,0.995,0.81187,1.08521,0.40716,0.71844,1.15915,0.00195182,0.00195182,0.00195182
75,211.586,0.84761,0.567,0.57148,1.00286,0.98665,1,0.995,0.69383,0.98665,1,0.995,0.73457,1.13656,0.38365,0.81331,1.21229,0.00195116,0.00195116,0.00195116
76,214.387,0.93729,0.47033,0.5733,1.03436,0.83868,0.85714,0.913,0.645,0.9794,1,0.995,0.68962,1.06282,0.41849,1.17701,1.18575,0.0019505,0.0019505,0.0019505
77,217.181,0.77651,0.45931,0.51087,1.02422,0.97343,1,0.995,0.70248,0.97343,1,0.995,0.68004,1.03015,0.62287,1.40572,1.1393,0.00194984,0.00194984,0.00194984
78,219.978,0.93903,0.47679,0.55504,1.04214,0.98109,1,0.995,0.73266,0.98109,1,0.995,0.76535,0.98255,0.57403,1.11351,1.10759,0.00194918,0.00194918,0.00194918
79,222.786,0.83496,0.42157,0.51788,1.04246,0.99483,1,0.995,0.69837,0.99483,1,0.995,0.72363,1.10597,0.6276,1.14255,1.22453,0.00194852,0.00194852,0.00194852
80,225.569,0.83298,0.45104,0.53294,1.01736,1,0.99081,0.995,0.74539,1,0.99081,0.995,0.81631,1.11943,0.48316,1.0151,1.22425,0.00194786,0.00194786,0.00194786
81,228.543,0.80016,0.42019,0.51796,1.04116,0.97337,1,0.995,0.76699,0.97337,1,0.995,0.77886,0.99865,0.39089,0.98833,1.09788,0.0019472,0.0019472,0.0019472
82,231.348,0.81719,0.39581,0.53316,0.99148,0.94373,1,0.995,0.7833,0.94373,1,0.995,0.76401,1.03258,0.41503,1.01441,1.04456,0.00194654,0.00194654,0.00194654
83,234.144,0.87994,0.43131,0.53351,1.03199,0.95567,1,0.995,0.81602,0.95567,1,0.995,0.74711,0.97233,0.47558,1.07338,1.06582,0.00194588,0.00194588,0.00194588
84,237.138,0.72929,0.52949,0.50412,0.97897,0.97521,1,0.995,0.77463,0.97521,1,0.995,0.78497,0.91038,0.44411,0.92859,1.06265,0.00194522,0.00194522,0.00194522
85,239.939,0.7789,0.50946,0.51717,1.0154,0.97659,1,0.995,0.7452,0.97659,1,0.995,0.79237,0.93194,0.49444,0.60443,1.07442,0.00194456,0.00194456,0.00194456
86,242.746,0.74224,0.4519,0.5035,1.08516,0.96251,1,0.995,0.74224,0.96251,1,0.995,0.82173,0.99582,0.51416,0.52432,1.02609,0.0019439,0.0019439,0.0019439
87,245.732,0.79256,0.41264,0.52118,1.01995,0.9677,1,0.995,0.81114,0.9677,1,0.995,0.81252,0.95006,0.40426,0.58869,1.00976,0.00194324,0.00194324,0.00194324
88,248.717,0.83665,0.48124,0.49912,1.00305,0.95143,1,0.995,0.77051,0.95143,1,0.995,0.82401,1.06575,0.35615,0.58158,1.08764,0.00194258,0.00194258,0.00194258
89,251.511,0.88206,0.44582,0.51929,0.97466,0.98404,1,0.995,0.73288,0.98404,1,0.995,0.83611,1.14605,0.42575,0.66605,1.20241,0.00194192,0.00194192,0.00194192
90,254.293,0.81895,0.52949,0.5027,1.0035,0.8775,0.85714,0.9775,0.71165,0.8775,0.85714,0.9775,0.78821,1.18527,0.53562,0.86731,1.25748,0.00194126,0.00194126,0.00194126
91,257.08,0.86626,0.47261,0.57207,1.03208,0.97993,1,0.995,0.75114,0.97993,1,0.995,0.75025,1.10612,0.56083,0.97556,1.18342,0.0019406,0.0019406,0.0019406
92,259.858,0.84351,0.41874,0.55093,1.0349,0.97576,1,0.995,0.74475,0.97576,1,0.995,0.78616,1.08595,0.52916,0.70151,1.08863,0.00193994,0.00193994,0.00193994
93,262.672,0.7736,0.54401,0.51238,0.988,0.98087,1,0.995,0.72411,0.98087,1,0.995,0.84387,1.16513,0.40773,0.61214,1.18205,0.00193928,0.00193928,0.00193928
94,265.53,0.85338,0.49882,0.53789,1.01635,0.97136,1,0.995,0.67177,0.97136,1,0.995,0.84021,1.234,0.39245,0.62822,1.2279,0.00193862,0.00193862,0.00193862
95,268.371,0.88342,0.53817,0.51505,0.98839,1,0.85022,0.9775,0.68571,1,0.85022,0.9775,0.80975,1.22703,0.40817,0.66869,1.28392,0.00193796,0.00193796,0.00193796
96,271.18,0.78502,0.4337,0.50718,1.05342,0.98091,1,0.995,0.74073,0.98091,1,0.995,0.83843,1.13068,0.38526,0.57574,1.24104,0.0019373,0.0019373,0.0019373
97,273.98,0.85818,0.62936,0.55513,0.97723,0.98549,1,0.995,0.72602,0.98549,1,0.995,0.80672,1.10606,0.37041,0.52332,1.19396,0.00193664,0.00193664,0.00193664
98,276.799,0.91807,0.43514,0.56314,0.95922,0.98137,1,0.995,0.73453,0.98137,1,0.995,0.79816,1.03355,0.35174,0.55952,1.09858,0.00193598,0.00193598,0.00193598
99,279.596,0.79311,0.42925,0.53976,1.01789,0.98158,1,0.995,0.75818,0.98158,1,0.995,0.82571,1.01419,0.38295,0.64033,1.05294,0.00193532,0.00193532,0.00193532
100,282.411,0.72302,0.43016,0.5012,1.00086,0.98323,1,0.995,0.69467,0.98323,1,0.995,0.82262,1.1075,0.43815,0.63142,1.0675,0.00193466,0.00193466,0.00193466
101,285.231,0.88958,0.48953,0.55496,0.95166,0.98961,1,0.995,0.74975,0.98961,1,0.995,0.8532,1.06572,0.39894,0.61313,1.11506,0.001934,0.001934,0.001934
102,288.165,0.66934,0.46449,0.47559,1.00847,1,0.96861,0.995,0.72453,1,0.96861,0.995,0.84133,1.03276,0.34701,0.56706,1.17411,0.00193334,0.00193334,0.00193334
103,290.976,0.7219,0.42591,0.47784,0.96201,0.86204,1,0.96,0.74095,0.86204,1,0.96,0.83008,1.07984,0.3246,0.6399,1.17326,0.00193268,0.00193268,0.00193268
104,293.799,0.75827,0.51182,0.49762,0.95024,0.96275,1,0.995,0.78584,0.96275,1,0.995,0.84123,0.98747,0.32926,0.55091,1.10596,0.00193202,0.00193202,0.00193202
105,296.769,0.7441,0.4101,0.48626,0.98503,0.98915,1,0.995,0.7783,0.98915,1,0.995,0.81328,0.99853,0.41267,0.52028,1.07606,0.00193136,0.00193136,0.00193136
106,299.566,0.75931,0.51875,0.46844,0.93415,0.98795,1,0.995,0.79655,0.98795,1,0.995,0.80573,0.94234,0.53514,0.48925,1.0535,0.0019307,0.0019307,0.0019307
107,302.376,0.84317,0.50089,0.51406,0.98508,0.99245,1,0.995,0.82107,0.99245,1,0.995,0.85985,0.88766,0.3805,0.47345,1.03956,0.00193004,0.00193004,0.00193004
108,305.343,0.7611,0.43791,0.50587,0.94066,0.99201,1,0.995,0.80956,0.99201,1,0.995,0.72253,0.90567,0.39421,0.44249,1.02508,0.00192938,0.00192938,0.00192938
109,308.163,0.81651,0.56395,0.52962,0.9604,0.99116,1,0.995,0.76752,0.99116,1,0.995,0.70214,0.94029,0.41081,0.54429,1.06508,0.00192872,0.00192872,0.00192872
110,310.96,0.76053,0.47616,0.49072,0.94623,0.9812,1,0.995,0.72247,0.9812,1,0.995,0.81453,1.02808,0.53271,1.22171,1.11655,0.00192806,0.00192806,0.00192806
111,313.764,0.69284,0.50061,0.47987,0.96157,1,0.9768,0.995,0.76584,1,0.9768,0.995,0.76567,0.96175,0.57015,1.66829,1.11384,0.0019274,0.0019274,0.0019274
112,316.565,0.76098,0.45097,0.46443,0.94362,0.97532,1,0.995,0.81032,0.97532,1,0.995,0.81032,0.85086,0.44941,2.16211,1.02106,0.00192674,0.00192674,0.00192674
113,319.354,0.69217,0.45355,0.42482,0.94491,0.97689,1,0.995,0.77854,0.97689,1,0.995,0.80456,0.99321,0.38653,2.16993,1.14131,0.00192608,0.00192608,0.00192608
114,322.164,0.80148,0.44442,0.49095,0.97152,0.9832,1,0.995,0.75601,0.9832,1,0.995,0.82237,0.98845,0.37949,1.1855,1.10957,0.00192542,0.00192542,0.00192542
115,324.978,0.75618,0.4789,0.48296,0.99064,0.98705,1,0.995,0.76035,0.98705,1,0.995,0.80609,1.00835,0.41869,0.74403,1.03383,0.00192476,0.00192476,0.00192476
116,327.777,0.68183,0.4375,0.48264,0.94217,0.99051,1,0.995,0.77812,0.99051,1,0.995,0.76732,0.99565,0.45938,0.50511,1.05129,0.0019241,0.0019241,0.0019241
117,330.562,0.71985,0.4545,0.47574,1.02189,0.98535,1,0.995,0.77836,0.98535,1,0.995,0.84409,0.92647,0.46813,0.52956,1.00318,0.00192344,0.00192344,0.00192344
118,333.401,0.69696,0.4117,0.46895,0.97165,0.95808,1,0.995,0.78133,0.95808,1,0.995,0.78953,0.89199,0.42334,0.72914,1.00181,0.00192278,0.00192278,0.00192278
119,336.208,0.74125,0.4361,0.48958,1.01361,0.96075,1,0.995,0.75399,0.96075,1,0.995,0.69513,0.94742,0.3839,0.74749,1.00637,0.00192212,0.00192212,0.00192212
120,339.016,0.67761,0.45924,0.49047,0.96968,0.98068,1,0.995,0.79482,0.98068,1,0.995,0.80296,0.87533,0.37559,0.59166,1.02884,0.00192146,0.00192146,0.00192146
121,341.83,0.73092,0.47673,0.4868,0.98829,0.95822,1,0.995,0.81832,0.95822,1,0.995,0.82406,0.85134,0.39461,0.52739,1.0093,0.0019208,0.0019208,0.0019208
122,344.633,0.77188,0.53402,0.48455,0.96551,0.97609,1,0.995,0.77745,0.97609,1,0.995,0.78501,1.01156,0.34347,0.52357,1.06847,0.00192014,0.00192014,0.00192014
123,347.451,0.71212,0.43708,0.45879,1.00225,0.99233,1,0.995,0.75475,0.99233,1,0.995,0.82126,0.96711,0.32528,0.54082,1.03609,0.00191948,0.00191948,0.00191948
124,350.266,0.63607,0.36756,0.43508,0.96229,0.99132,1,0.995,0.77079,0.99132,1,0.995,0.82832,0.96847,0.33858,0.54058,1.06217,0.00191882,0.00191882,0.00191882
125,353.059,0.71888,0.40545,0.47229,0.9234,0.9915,1,0.995,0.81051,0.9915,1,0.995,0.84494,0.85793,0.33591,0.46664,1.02377,0.00191816,0.00191816,0.00191816
126,355.883,0.62733,0.3921,0.43444,0.94384,1,1,0.995,0.85441,1,1,0.995,0.86227,0.80324,0.33263,0.45319,0.97721,0.0019175,0.0019175,0.0019175
127,358.862,0.69037,0.40116,0.4456,0.95775,0.99062,1,0.995,0.84744,0.99062,1,0.995,0.85596,0.73716,0.36143,0.51535,0.95572,0.00191684,0.00191684,0.00191684
128,361.663,0.69154,0.44338,0.43998,0.93996,0.99155,1,0.995,0.81756,0.99155,1,0.995,0.8406,0.72241,0.3517,0.509,0.90609,0.00191618,0.00191618,0.00191618
129,364.471,0.5919,0.44279,0.42758,0.924,0.99179,1,0.995,0.82383,0.99179,1,0.995,0.83755,0.75127,0.29874,0.49661,0.9252,0.00191552,0.00191552,0.00191552
130,367.273,0.62543,0.44253,0.45709,0.95582,0.99198,1,0.995,0.81227,0.99198,1,0.995,0.83614,0.81207,0.40627,0.45161,0.9384,0.00191486,0.00191486,0.00191486
131,370.111,0.64191,0.49956,0.41974,0.91512,0.99088,1,0.995,0.80825,0.99088,1,0.995,0.82396,0.86873,0.41559,0.49247,0.99134,0.0019142,0.0019142,0.0019142
132,372.915,0.6482,0.43877,0.45017,0.95223,0.99115,1,0.995,0.78805,0.99115,1,0.995,0.83586,0.95386,0.38716,0.51922,1.01375,0.00191354,0.00191354,0.00191354
133,375.704,0.68046,0.36271,0.44624,0.91249,0.99254,1,0.995,0.83855,0.99254,1,0.995,0.81305,0.77392,0.38641,0.45893,0.95869,0.00191288,0.00191288,0.00191288
134,378.521,0.70274,0.45765,0.44295,0.94054,0.99175,1,0.995,0.82892,0.99175,1,0.995,0.82029,0.6924,0.33283,0.43442,0.93699,0.00191222,0.00191222,0.00191222
135,381.316,0.66933,0.46787,0.44793,0.93167,0.99135,1,0.995,0.80864,0.99135,1,0.995,0.80879,0.72243,0.31869,0.47835,0.95435,0.00191156,0.00191156,0.00191156
136,384.106,0.6968,0.36493,0.47056,0.90817,0.99038,1,0.995,0.80691,0.99038,1,0.995,0.81708,0.73724,0.31468,0.45698,0.92836,0.0019109,0.0019109,0.0019109
137,386.897,0.66734,0.45443,0.46464,0.9231,0.98281,1,0.995,0.8358,0.98281,1,0.995,0.84284,0.71408,0.32538,0.4932,0.94606,0.00191024,0.00191024,0.00191024
138,389.675,0.63811,0.36204,0.44931,0.94192,0.99001,1,0.995,0.83494,0.99001,1,0.995,0.79919,0.7559,0.33742,0.43252,0.93579,0.00190958,0.00190958,0.00190958
139,392.466,0.70292,0.47764,0.43318,0.91917,0.99172,1,0.995,0.7827,0.99172,1,0.995,0.78926,0.92837,0.36427,0.41955,0.96641,0.00190892,0.00190892,0.00190892
140,395.253,0.70436,0.47501,0.43649,0.95183,0.99169,1,0.995,0.79021,0.99169,1,0.995,0.81004,0.86881,0.33842,0.39025,0.9257,0.00190826,0.00190826,0.00190826
141,398.049,0.66624,0.49371,0.4308,0.92016,0.98989,1,0.995,0.78506,0.98989,1,0.995,0.837,0.85922,0.30761,0.45138,0.96931,0.0019076,0.0019076,0.0019076
142,400.854,0.6753,0.37657,0.43309,0.90939,0.98999,1,0.995,0.79465,0.98999,1,0.995,0.85203,0.82976,0.28654,0.44523,0.92636,0.00190694,0.00190694,0.00190694
143,403.663,0.5945,0.43652,0.39358,0.92803,0.99052,1,0.995,0.84021,0.99052,1,0.995,0.83881,0.79607,0.33528,0.41042,0.92319,0.00190628,0.00190628,0.00190628
144,406.442,0.92667,0.41018,0.46656,0.96955,0.98734,1,0.995,0.80078,0.98734,1,0.995,0.85399,0.9389,0.43326,0.48192,1.01832,0.00190562,0.00190562,0.00190562
145,409.251,0.73961,0.44208,0.44859,1.01008,0.98246,1,0.995,0.81566,0.98246,1,0.995,0.82749,0.76747,0.43857,0.47955,1.01089,0.00190496,0.00190496,0.00190496
146,412.078,0.71429,0.41178,0.46309,0.97242,0.98362,1,0.995,0.77057,0.98362,1,0.995,0.69881,0.85941,0.4041,0.4716,1.05282,0.0019043,0.0019043,0.0019043
147,414.896,0.77432,0.46253,0.45555,0.98937,0.98438,1,0.995,0.75162,0.98438,1,0.995,0.73882,1.02434,0.39497,0.44746,1.05017,0.00190364,0.00190364,0.00190364
148,417.711,0.79927,0.50822,0.45994,0.99606,0.98248,1,0.995,0.78652,0.98248,1,0.995,0.84628,0.98706,0.37943,0.49181,1.01754,0.00190298,0.00190298,0.00190298
149,420.508,0.71781,0.4035,0.47062,0.92415,0.96901,1,0.995,0.77709,0.96901,1,0.995,0.86445,0.9491,0.3724,0.49031,0.98928,0.00190232,0.00190232,0.00190232
150,423.317,0.7204,0.43558,0.46432,0.92747,0.98796,1,0.995,0.80438,0.98796,1,0.995,0.84283,0.87949,0.3667,0.44516,0.96238,0.00190166,0.00190166,0.00190166
151,426.126,0.6816,0.40449,0.42663,0.91903,0.9917,1,0.995,0.80043,0.9917,1,0.995,0.86824,0.8479,0.36393,0.41071,1.0487,0.001901,0.001901,0.001901
152,428.934,0.64164,0.4148,0.41589,0.96657,0.99128,1,0.995,0.82836,0.99128,1,0.995,0.86719,0.75413,0.33974,0.4038,1.00551,0.00190034,0.00190034,0.00190034
153,431.718,0.68332,0.38878,0.41384,0.97516,0.99134,1,0.995,0.83112,0.99134,1,0.995,0.85718,0.7477,0.38641,0.4371,0.95924,0.00189968,0.00189968,0.00189968
154,434.527,0.65578,0.389,0.41021,0.94449,0.99194,1,0.995,0.84096,0.99194,1,0.995,0.82836,0.81262,0.48803,0.45564,0.94075,0.00189902,0.00189902,0.00189902
155,437.317,0.70789,0.47473,0.438,0.92689,0.99182,1,0.995,0.79222,0.99182,1,0.995,0.83356,0.89043,0.36038,0.56012,0.9884,0.00189836,0.00189836,0.00189836
156,440.126,0.66636,0.34514,0.42553,0.89584,0.99188,1,0.995,0.78118,0.99188,1,0.995,0.84712,0.94237,0.3245,0.46459,1.01518,0.0018977,0.0018977,0.0018977
157,442.932,0.67906,0.41505,0.40544,0.93546,0.99133,1,0.995,0.78821,0.99133,1,0.995,0.86921,0.90058,0.33279,0.47749,0.93859,0.00189704,0.00189704,0.00189704
158,445.718,0.68566,0.39452,0.43164,0.92817,0.98926,1,0.995,0.80893,0.98926,1,0.995,0.8258,0.87651,0.3489,0.45203,1.00201,0.00189638,0.00189638,0.00189638
159,448.518,0.71751,0.46492,0.4398,0.98694,1,0.99264,0.995,0.77052,1,0.99264,0.995,0.86721,0.95228,0.37552,0.49455,1.07015,0.00189572,0.00189572,0.00189572
160,451.324,0.6152,0.42002,0.39961,0.92938,0.98764,1,0.995,0.78565,0.98764,1,0.995,0.8086,0.96547,0.43613,0.44742,1.10686,0.00189506,0.00189506,0.00189506
161,454.133,0.64625,0.40371,0.42379,0.95159,0.98701,1,0.995,0.78485,0.98701,1,0.995,0.80049,0.92212,0.44151,0.49022,1.06274,0.0018944,0.0018944,0.0018944
162,456.944,0.66459,0.38077,0.42793,0.96434,0.97358,1,0.995,0.80641,0.97358,1,0.995,0.85189,0.8332,0.40847,0.50015,0.93481,0.00189374,0.00189374,0.00189374
163,459.766,0.7184,0.42075,0.44633,0.9407,0.97947,1,0.995,0.81868,0.97947,1,0.995,0.88224,0.87491,0.38484,0.5335,0.94856,0.00189308,0.00189308,0.00189308
164,462.581,0.70938,0.4114,0.45732,0.94696,0.98958,1,0.995,0.76455,0.98958,1,0.995,0.8469,1.05707,0.37461,0.59198,1.03843,0.00189242,0.00189242,0.00189242
165,465.408,0.69871,0.35405,0.42231,0.92051,0.99175,1,0.995,0.76377,0.99175,1,0.995,0.84897,1.06938,0.36113,0.54629,1.01717,0.00189176,0.00189176,0.00189176
166,468.204,0.67588,0.36116,0.41703,0.9408,0.99172,1,0.995,0.79594,0.99172,1,0.995,0.84943,0.92452,0.34325,0.46157,1.02185,0.0018911,0.0018911,0.0018911
167,471.011,0.62284,0.39494,0.40164,0.93059,0.99146,1,0.995,0.77607,0.99146,1,0.995,0.82297,0.9567,0.35049,0.4306,1.08111,0.00189044,0.00189044,0.00189044
168,473.827,0.73599,0.45842,0.44758,0.97651,0.99077,1,0.995,0.82289,0.99077,1,0.995,0.82427,0.89519,0.36811,0.42115,1.03913,0.00188978,0.00188978,0.00188978
169,476.633,0.65885,0.4097,0.40823,0.919,0.9874,1,0.995,0.79038,0.9874,1,0.995,0.83803,0.93718,0.39252,0.4807,1.02522,0.00188912,0.00188912,0.00188912
170,479.431,0.61006,0.46697,0.40638,0.91603,0.98799,1,0.995,0.74397,0.98799,1,0.995,0.77303,1.06107,0.42122,0.6135,1.0233,0.00188846,0.00188846,0.00188846
171,482.23,0.65143,0.44614,0.41282,0.91974,0.98708,1,0.995,0.73153,0.98708,1,0.995,0.79839,1.00795,0.44541,0.61098,1.04738,0.0018878,0.0018878,0.0018878
172,485.036,0.67146,0.38085,0.41515,0.89557,0.98837,1,0.995,0.77785,0.98837,1,0.995,0.77485,0.88372,0.40475,0.49593,1.04133,0.00188714,0.00188714,0.00188714
173,487.861,0.64449,0.44567,0.41917,0.90866,1,0.98904,0.995,0.77334,1,0.98904,0.995,0.77185,0.85919,0.40576,0.52405,1.03724,0.00188648,0.00188648,0.00188648
174,490.663,0.70434,0.52809,0.42822,0.95229,0.98623,1,0.995,0.78943,0.98623,1,0.995,0.83589,0.90152,0.44936,0.51829,0.94427,0.00188582,0.00188582,0.00188582
175,493.443,0.66852,0.37123,0.43357,0.9033,0.9898,1,0.995,0.76944,0.9898,1,0.995,0.83771,0.96328,0.47194,0.53143,0.96648,0.00188516,0.00188516,0.00188516
176,496.25,0.67233,0.42381,0.46016,0.9313,0.98376,1,0.995,0.80635,0.98376,1,0.995,0.82782,0.92025,0.4808,0.54912,0.95218,0.0018845,0.0018845,0.0018845
177,499.057,0.67898,0.5352,0.43464,0.94044,0.97294,1,0.995,0.74746,0.97294,1,0.995,0.7977,0.8096,0.47972,0.53369,0.93008,0.00188384,0.00188384,0.00188384
178,501.839,0.65513,0.49255,0.44836,0.90996,0.97787,1,0.995,0.74139,0.97787,1,0.995,0.83246,0.93158,0.4116,0.46366,0.9749,0.00188318,0.00188318,0.00188318
179,504.619,0.66486,0.3718,0.41919,0.88599,0.98978,1,0.995,0.74794,0.98978,1,0.995,0.83116,0.96312,0.42739,0.48113,0.9901,0.00188252,0.00188252,0.00188252
180,507.449,0.70989,0.58713,0.43936,0.90459,0.98955,1,0.995,0.75767,0.98955,1,0.995,0.81903,0.92412,0.37918,0.46482,0.97684,0.00188186,0.00188186,0.00188186
181,510.242,0.62775,0.36384,0.42767,0.91086,0.99227,1,0.995,0.78949,0.99227,1,0.995,0.82586,0.88702,0.36018,0.4444,0.93936,0.0018812,0.0018812,0.0018812
182,513.041,0.59939,0.39116,0.39527,0.89255,0.99186,1,0.995,0.74018,0.99186,1,0.995,0.8376,0.92863,0.42419,0.48068,0.94648,0.00188054,0.00188054,0.00188054
183,515.869,0.62487,0.35956,0.39153,0.91297,0.99134,1,0.995,0.78741,0.99134,1,0.995,0.81695,0.88242,0.46811,0.47924,0.91467,0.00187988,0.00187988,0.00187988
184,518.692,0.58474,0.38261,0.38998,0.90439,0.99159,1,0.995,0.81389,0.99159,1,0.995,0.8122,0.79622,0.37178,0.46236,0.91086,0.00187922,0.00187922,0.00187922
185,521.51,0.62565,0.39401,0.41148,0.89938,0.99033,1,0.995,0.80779,0.99033,1,0.995,0.83419,0.82264,0.34065,0.4527,0.95634,0.00187856,0.00187856,0.00187856
186,524.319,0.70612,0.33058,0.42801,0.90098,0.99134,1,0.995,0.79598,0.99134,1,0.995,0.79977,1.01387,0.36196,0.4738,0.99843,0.0018779,0.0018779,0.0018779
187,527.11,0.58414,0.4121,0.39902,0.88614,0.99219,1,0.995,0.73205,0.99219,1,0.995,0.82162,1.11179,0.42657,0.48251,1.06262,0.00187724,0.00187724,0.00187724
188,529.933,0.67868,0.42489,0.40505,0.86348,0.99207,1,0.995,0.76635,0.99207,1,0.995,0.84333,1.09216,0.43223,0.45785,1.05931,0.00187658,0.00187658,0.00187658
189,532.732,0.79086,0.34817,0.45821,0.93645,0.99193,1,0.995,0.79475,0.99193,1,0.995,0.8419,0.94083,0.35601,0.46974,0.94863,0.00187592,0.00187592,0.00187592
190,535.523,0.69369,0.504,0.41855,0.93496,1,1,0.995,0.79216,1,1,0.995,0.82177,0.92764,0.35626,0.43906,0.95283,0.00187526,0.00187526,0.00187526
191,538.33,0.66332,0.46015,0.4081,0.93282,1,1,0.995,0.83954,1,1,0.995,0.85326,0.84719,0.36293,0.42152,0.8945,0.0018746,0.0018746,0.0018746
192,541.135,0.62836,0.40099,0.40418,0.90407,0.98947,1,0.995,0.80298,0.98947,1,0.995,0.8337,0.95706,0.38066,0.47311,1.07928,0.00187394,0.00187394,0.00187394
193,543.941,0.66435,0.46213,0.41942,0.96152,0.99073,1,0.995,0.78718,0.99073,1,0.995,0.82553,1.0129,0.41156,0.47191,1.13609,0.00187328,0.00187328,0.00187328
194,546.844,0.63391,0.38732,0.4197,0.9674,0.96671,1,0.995,0.82092,0.96671,1,0.995,0.81076,0.88015,0.4438,0.42739,0.955,0.00187262,0.00187262,0.00187262
195,549.642,0.67424,0.48671,0.40683,0.93102,0.88291,1,0.995,0.8576,0.88291,1,0.995,0.82014,0.78822,0.44565,0.47849,0.92892,0.00187196,0.00187196,0.00187196
196,552.453,0.64553,0.37337,0.4355,0.94079,0.8677,1,0.9775,0.82038,0.8677,1,0.9775,0.8126,0.84667,0.41613,0.54041,0.99243,0.0018713,0.0018713,0.0018713
197,555.272,0.65034,0.35462,0.42104,0.9374,1,0.97684,0.995,0.83776,1,0.97684,0.995,0.86613,0.80222,0.38779,0.51147,0.90819,0.00187064,0.00187064,0.00187064
198,558.077,0.60776,0.41232,0.40114,0.91798,0.99216,1,0.995,0.84712,0.99216,1,0.995,0.80843,0.7708,0.39195,0.42166,0.94254,0.00186998,0.00186998,0.00186998
199,560.901,0.57404,0.43092,0.39552,0.9155,0.99278,1,0.995,0.81086,0.99278,1,0.995,0.83433,0.97663,0.39438,0.42263,1.07495,0.00186932,0.00186932,0.00186932
200,563.73,0.59742,0.36552,0.39042,0.93795,0.99156,1,0.995,0.75211,0.99156,1,0.995,0.82876,1.09009,0.39755,0.4258,1.13594,0.00186866,0.00186866,0.00186866
201,566.553,0.66515,0.41017,0.40882,0.96349,0.9922,1,0.995,0.7871,0.9922,1,0.995,0.80855,0.99983,0.40581,0.4487,1.05796,0.001868,0.001868,0.001868
202,569.45,0.65721,0.34607,0.40511,0.99232,1,1,0.995,0.81451,1,1,0.995,0.81046,0.9012,0.41245,0.4485,0.89531,0.00186734,0.00186734,0.00186734
203,572.276,0.63189,0.42517,0.42296,0.93898,0.99218,1,0.995,0.85219,0.99218,1,0.995,0.84305,0.81662,0.40609,0.41417,0.86584,0.00186668,0.00186668,0.00186668
204,575.142,0.6283,0.45404,0.42207,0.91088,0.99217,1,0.995,0.83557,0.99217,1,0.995,0.82831,0.82266,0.38946,0.41994,0.88283,0.00186602,0.00186602,0.00186602
205,578.012,0.61211,0.36836,0.38492,0.89244,0.99194,1,0.995,0.80249,0.99194,1,0.995,0.89243,0.86506,0.39231,0.41973,0.93065,0.00186536,0.00186536,0.00186536
206,580.846,0.56702,0.39185,0.37231,0.89596,0.99213,1,0.995,0.82746,0.99213,1,0.995,0.83339,0.82478,0.43899,0.4136,0.85091,0.0018647,0.0018647,0.0018647
207,583.661,0.65926,0.39711,0.40022,0.85421,0.99175,1,0.995,0.84492,0.99175,1,0.995,0.80008,0.79254,0.48171,0.42536,0.86075,0.00186404,0.00186404,0.00186404
208,586.467,0.59133,0.43023,0.3819,0.9068,0.99194,1,0.995,0.84043,0.99194,1,0.995,0.82344,0.8274,0.47347,0.44507,0.941,0.00186338,0.00186338,0.00186338
209,589.259,0.66355,0.46842,0.4007,0.89361,0.99184,1,0.995,0.8478,0.99184,1,0.995,0.82242,0.75226,0.42415,0.40683,0.89624,0.00186272,0.00186272,0.00186272
210,592.056,0.56949,0.39586,0.367,0.86794,0.99155,1,0.995,0.82733,0.99155,1,0.995,0.85966,0.83086,0.40761,0.39416,0.87504,0.00186206,0.00186206,0.00186206
211,594.852,0.589,0.46424,0.38803,0.93282,0.99198,1,0.995,0.82733,0.99198,1,0.995,0.84043,0.85193,0.45209,0.41524,0.89781,0.0018614,0.0018614,0.0018614
212,597.641,0.65493,0.37059,0.41064,0.8907,0.99194,1,0.995,0.82511,0.99194,1,0.995,0.8478,0.8545,0.46718,0.40759,0.95829,0.00186074,0.00186074,0.00186074
213,600.427,0.54012,0.43824,0.37088,0.9048,0.99204,1,0.995,0.81615,0.99204,1,0.995,0.75683,0.9006,0.40133,0.41848,0.99526,0.00186008,0.00186008,0.00186008
214,603.198,0.56803,0.35297,0.38067,0.87836,0.99195,1,0.995,0.81736,0.99195,1,0.995,0.76157,0.85878,0.37312,0.39008,1.01287,0.00185942,0.00185942,0.00185942
215,605.993,0.63084,0.43079,0.38752,0.9157,0.99214,1,0.995,0.80779,0.99214,1,0.995,0.85966,0.92059,0.38675,0.38056,1.02479,0.00185876,0.00185876,0.00185876
216,608.79,0.59365,0.40964,0.38617,0.88585,0.99224,1,0.995,0.77626,0.99224,1,0.995,0.83729,0.92703,0.39533,0.39276,0.99758,0.0018581,0.0018581,0.0018581
217,611.571,0.58203,0.42444,0.39024,0.90039,0.96566,1,0.995,0.75993,0.96566,1,0.995,0.82951,0.84179,0.3741,0.65666,0.97473,0.00185744,0.00185744,0.00185744
218,614.373,0.65964,0.41929,0.42124,0.89314,0.95458,1,0.995,0.76956,0.95458,1,0.995,0.78732,0.78635,0.38251,0.72809,0.92971,0.00185678,0.00185678,0.00185678
219,617.187,0.60531,0.39819,0.419,0.93839,0.9868,1,0.995,0.81022,0.9868,1,0.995,0.80999,0.86431,0.4172,0.50375,0.96479,0.00185612,0.00185612,0.00185612
220,619.979,0.66351,0.43684,0.39277,0.90702,0.99168,1,0.995,0.80416,0.99168,1,0.995,0.74495,0.79869,0.4527,0.43677,0.96643,0.00185546,0.00185546,0.00185546
221,622.793,0.58235,0.39074,0.37387,0.89521,0.98881,1,0.995,0.85025,0.98881,1,0.995,0.74264,0.80788,0.40786,0.47034,0.95032,0.0018548,0.0018548,0.0018548
222,625.582,0.53227,0.36816,0.37511,0.86276,0.98197,1,0.995,0.84776,0.98197,1,0.995,0.74835,0.7986,0.35359,0.48889,1.02248,0.00185414,0.00185414,0.00185414
223,628.379,0.54689,0.40009,0.36802,0.88034,0.97703,1,0.995,0.83168,0.97703,1,0.995,0.7853,0.74046,0.34294,0.50251,0.97279,0.00185348,0.00185348,0.00185348
224,631.188,0.52475,0.32592,0.35636,0.8789,0.97714,1,0.995,0.83886,0.97714,1,0.995,0.80339,0.74116,0.34434,0.46482,0.85368,0.00185282,0.00185282,0.00185282
225,633.964,0.5932,0.35469,0.36743,0.88007,0.96874,1,0.995,0.82438,0.96874,1,0.995,0.82637,0.80796,0.34116,0.41663,0.88454,0.00185216,0.00185216,0.00185216
226,636.751,0.59216,0.34974,0.3747,0.88174,0.97554,1,0.995,0.74989,0.97554,1,0.995,0.81302,0.98544,0.33339,0.41594,1.00155,0.0018515,0.0018515,0.0018515
